case_id,dissatisfaction,policy_demand,coproduction_request,trust
1,0.950661,1.0,0.0,0.0
2,0.0,0.658817,0.0,0.0
3,0.0,0.0,1.0,0.0
4,0.0,0.0,0.0,1.0
5,1.0,1.0,0.0,0.0
6,1.0,0.0,0.0,0.0
7,0.0,1.0,0.0,0.0
8,0.0,0.0,1.0,0.0
9,0.0,0.0,0.0,1.0
10,1.0,0.677651,0.0,0.0
11,0.0,0.925693,0.0,0.0
12,0.0,0.0,1.0,0.0
13,1.0,0.0,0.0,1.0
14,0.0,1.0,0.0,0.0
15,0.0,0.0,0.0,0.0
16,0.0,0.695318,1.0,1.0
