case_id,dissatisfaction,policy_demand,coproduction_request,trust,outcome
1,0.950661,1.0,0.0,0.0,1
2,0.0,0.658817,0.0,0.0,0
3,0.0,0.0,1.0,0.0,1
4,0.0,0.0,0.0,1.0,1
5,1.0,1.0,0.0,0.0,1
6,1.0,0.0,0.0,0.0,0
7,0.0,1.0,0.0,0.0,1
8,0.0,0.0,1.0,0.0,1
9,0.0,0.0,0.0,1.0,1
10,1.0,0.677651,0.0,0.0,0
11,0.0,0.925693,0.0,0.0,1
12,0.0,0.0,1.0,0.0,1
13,1.0,0.0,0.0,1.0,0
14,0.0,1.0,0.0,0.0,1
15,0.0,0.0,0.0,0.0,0
16,0.0,0.695318,1.0,1.0,1
