consistency_cutoff,n_solutions,avg_solution_consistency,avg_solution_coverage,n_contradictory
0.5,6,0.8631506666666667,0.16712966666666665,2
0.55,6,0.8631506666666667,0.16712966666666665,2
0.6,5,0.9199536,0.1877646,2
0.65,5,0.9199536,0.1877646,2
0.7,5,0.9199536,0.1877646,2
0.75,4,0.974813,0.1954225,2
0.8,4,0.974813,0.1954225,2
0.85,4,0.974813,0.1954225,2
0.9,4,0.974813,0.1954225,2
0.95,4,0.974813,0.1954225,2
