consistency_cutoff,n_solutions,avg_solution_consistency,avg_solution_coverage,n_contradictory
0.5,3,1.0,0.17258533333333334,2
0.55,3,1.0,0.17258533333333334,2
0.6,3,1.0,0.17258533333333334,2
0.65,3,1.0,0.17258533333333334,2
0.7,3,1.0,0.17258533333333334,2
0.75,3,1.0,0.17258533333333334,2
0.8,3,1.0,0.17258533333333334,2
0.85,3,1.0,0.17258533333333334,2
0.9,3,1.0,0.17258533333333334,2
0.95,3,1.0,0.17258533333333334,2
