binarize_threshold,n_configurations,n_solutions,avg_solution_consistency
0.3,9,4,0.974813
0.35,9,5,0.9798503999999999
0.4,10,6,0.9755216666666667
0.45,10,6,0.9755216666666667
0.5,9,4,0.974813
0.55,7,3,0.9825476666666667
0.6,7,2,0.9909605
0.65,6,2,0.9909605
0.7,6,2,0.9909605
